iter,r_mean,l_mean,r_agent_0,r_agent_1,r_agent_2,r_agent_3,r_agent_4,r_agent_5,r_agent_6,r_agent_7,l_agent_0,l_agent_1,l_agent_2,l_agent_3,l_agent_4,l_agent_5,l_agent_6,l_agent_7,total_episodes,reflections_generated,success_rate
0,-0.12916781414931577,145.875,-32.09207518872256,-31.84708681716352,26.390367214541744,7.998068348295852,5.555521905730425,4.178389277953338,5.16133693779828,14.526310507417103,117.625,121.625,129.375,121.25,127.875,131.375,131.5,121.25,0,0,0
1,-28.070626424649223,140.8235294117647,-35.791636410416515,-35.803474239959925,12.08588790268728,0.9908817572484803,2.7884878921159393,1.6353651470413784,11.187876050106407,14.835985476527654,115.82352941176471,119.29411764705883,126.11764705882354,123.47058823529412,126.82352941176471,125.17647058823529,130.23529411764707,121.23529411764706,0,0,0
2,-3.2591427165210383,142.92857142857142,-34.43705128224309,-33.95461827161178,12.536865574417122,8.649315281774987,8.742377250004495,3.7066676179281193,15.815391184218113,15.681909928990951,114.03571428571429,120.75,124.0,125.03571428571429,125.32142857142857,124.32142857142857,130.96428571428572,122.82142857142857,0,0,0
3,27.225471720249086,143.83783783783784,-31.428519100266243,-26.68642441107575,15.605507136576346,12.718057231268093,15.87718473431466,10.063876453131055,15.826422179821908,15.249367496478992,116.02702702702703,121.24324324324324,126.27027027027027,126.02702702702703,125.32432432432432,124.89189189189189,131.97297297297297,122.75675675675676,0,0,0
4,38.157636790958456,143.7173913043478,-32.51807073116163,-27.496606230909112,19.4187921699534,16.14325502228175,16.49714153699018,14.000318875655472,15.812158542879036,16.30064760526934,116.28260869565217,120.26086956521739,127.23913043478261,125.32608695652173,125.17391304347827,125.23913043478261,132.08695652173913,123.15217391304348,1,1,1.0
5,57.92698557119981,144.44642857142858,-34.93661315456962,-29.022044242388574,23.843240273263095,19.31243605216115,22.454811724063074,16.987917889878126,21.74525398380016,17.54198304499238,116.51785714285714,119.85714285714286,129.07142857142858,125.30357142857143,125.07142857142857,125.92857142857143,131.60714285714286,122.94642857142857,1,1,1.0
6,78.44605023085632,144.13636363636363,-31.049948603388223,-27.61518189523011,26.085221730575228,23.556161837290407,23.99490179232375,19.31856281264108,23.41134778075319,20.744984775890963,117.33333333333333,120.56060606060606,128.3030303030303,125.93939393939394,125.22727272727273,125.78787878787878,130.77272727272728,124.27272727272727,1,1,1.0
7,90.60415799687458,143.9078947368421,-31.420703668624512,-30.00165123679537,28.935175900601333,26.65336563464246,26.356280498055153,21.86913243081351,24.785639468516532,23.42691896966547,118.46052631578948,120.27631578947368,128.14473684210526,126.27631578947368,125.60526315789474,125.67105263157895,129.64473684210526,124.53947368421052,1,1,1.0
8,108.7059361879862,144.72941176470587,-30.636477328918076,-27.45344158726448,31.605750021135254,28.798530460553433,27.914661657216676,23.76514325448204,28.145433830850873,26.56633587993044,118.88235294117646,121.12941176470588,127.72941176470589,126.56470588235294,125.37647058823529,125.41176470588235,129.95294117647057,124.6,1,1,1.0
9,123.6615350199834,144.98936170212767,-29.446644506089353,-25.436419768358945,35.33437083300526,30.09205683201602,29.545331587003375,25.33269388133288,30.97784580778562,27.262300353288527,119.08510638297872,120.51063829787235,128.48936170212767,125.91489361702128,125.04255319148936,125.3936170212766,129.31914893617022,124.03191489361703,2,2,1.0
10,141.67289589219195,145.88,-28.438712832236725,-23.886457134274107,35.93051098982474,29.9292183303494,34.259064112859306,28.657171771328162,33.98389765576551,31.238202998575645,119.43,120.23,127.92,125.34,126.14,125.02,128.76,124.63,2,2,1.0
11,171.3932392217224,148.43,-28.582870279585546,-24.941452480886042,39.80487859874817,34.123011151596856,39.54554537093272,36.16423469326117,40.067186081362486,35.21270608629255,120.28,120.62,128.05,126.68,125.58,126.36,130.06,125.08,2,2,1.0
12,194.20045847598027,149.73,-26.84340684791554,-24.14499640496923,42.40773226573953,37.2391384841701,42.9807314195437,39.699386106097194,43.380612616584095,39.4812608367304,121.22,120.82,128.23,126.13,125.27,127.33,130.64,125.97,2,2,1.0
13,226.57819988990204,151.45,-25.839805231353584,-21.417860411059195,46.31819476490602,42.6687556671204,48.76537146702403,45.2176131294363,47.43907196883172,43.426858534996256,123.07,122.32,129.68,126.48,125.5,127.24,129.34,126.31,2,2,1.0
14,245.44855066591367,152.12,-25.8982227850925,-22.047624999666883,49.62425494119675,45.89428296050475,49.39295354914948,50.18777591434857,51.8163553885173,46.47877569695615,122.89,122.08,130.43,126.58,125.68,127.89,128.72,126.35,3,2,1.0
15,268.35683518890096,153.32,-22.683272877073605,-23.845302771648704,52.9505736917967,50.86897133101814,52.28649781869345,51.9475397352926,55.51260939618177,51.319218864640554,123.39,122.45,130.51,127.75,125.89,127.69,127.9,126.72,3,2,1.0
16,286.39030287375687,153.81,-19.268811897696803,-22.871966961658163,55.230982624524195,54.06810862521021,53.186842765107784,53.90420296705589,57.60192171518198,54.539023036031594,124.59,122.67,130.73,127.93,126.68,127.13,128.33,127.24,3,2,1.0
17,315.47862314920917,154.14,-20.586562328407727,-20.66919660976196,61.86646346004799,57.371520051885746,57.517130187166316,60.09541124036361,62.39493944401079,57.48891770390432,124.47,123.16,131.71,127.18,126.8,127.59,128.31,126.79,3,2,1.0
18,337.1833880693209,155.52,-18.14617392175239,-14.475649149505072,61.44021838561941,58.87111586235235,62.032587667349475,63.56930496195183,63.77111691156717,60.12086735173805,124.36,124.38,131.35,126.75,127.61,127.67,128.54,126.85,3,2,1.0
