iter,r_mean,l_mean,r_agent_0,r_agent_1,r_agent_2,r_agent_3,r_agent_4,r_agent_5,r_agent_6,r_agent_7,l_agent_0,l_agent_1,l_agent_2,l_agent_3,l_agent_4,l_agent_5,l_agent_6,l_agent_7,llm_reward_calls,cache_hits,cache_efficiency
0,-4.111743097095092,146.5,-33.75446761848973,-34.19039805816815,16.157598299792067,15.363945360307529,-1.198139473296182,18.71604847099395,11.67154309887429,3.1221268228910724,118.75,113.375,128.5,121.75,126.125,132.625,129.875,128.125,0,0,0
1,28.097070347666556,144.5625,-34.785670209947924,-31.767696026992517,20.899928180125734,19.700554153270488,4.499622642447504,14.8878272913852,14.472129015698393,20.19037530167965,116.8125,115.5,128.1875,125.25,126.125,131.5625,125.9375,130.75,0,0,0
2,47.26597121962419,144.96428571428572,-31.528145376648745,-31.851488340203183,20.899158658571867,20.59940783203634,9.688139478556206,22.13224193695662,14.131894409595757,23.19476262075927,117.03571428571429,116.07142857142857,128.14285714285714,127.42857142857143,127.96428571428571,132.75,124.85714285714286,127.82142857142857,0,0,0
3,59.747802767102854,146.68571428571428,-33.10177216241015,-30.08205969159877,23.10049811148001,24.334083612910366,9.163326016506801,21.78560311177264,18.086634838103617,26.461488930338266,116.51428571428572,117.45714285714286,127.74285714285715,127.11428571428571,126.91428571428571,130.6,128.65714285714284,129.02857142857144,0,0,0
4,75.10403146873529,147.06382978723406,-30.21103706651809,-29.875781130936048,22.81356699924627,25.84361886339053,12.771328789707468,25.79442390889672,20.052682778319127,27.915228326629283,118.82978723404256,118.04255319148936,127.46808510638297,128.4468085106383,125.80851063829788,130.4255319148936,128.19148936170214,129.82978723404256,0,0,0
5,81.73762206862706,146.4181818181818,-31.55727422839354,-29.713864669379547,24.095711883975422,26.72065019082352,15.924756776177505,26.16067635655436,22.20783026690744,27.899135491961843,118.56363636363636,118.6,127.32727272727273,128.6,126.30909090909091,129.8181818181818,128.05454545454546,129.43636363636364,0,0,0
6,97.74217902697359,145.6818181818182,-29.834754626448554,-28.50022483030198,27.352480479686356,28.210695264671795,21.300950806829146,29.970427144330657,21.40580994687978,27.83679484132634,118.78787878787878,117.96969696969697,127.24242424242425,127.95454545454545,127.28787878787878,129.21212121212122,126.95454545454545,129.0,0,0,0
7,105.93614385540371,144.90666666666667,-31.087602750945468,-28.40089953271642,28.381778124126278,28.23249277327828,24.879314837451286,30.802005730880822,22.83927060726774,30.28978406606115,118.48,117.96,126.98666666666666,127.17333333333333,127.48,129.06666666666666,126.46666666666667,128.16,0,0,0
8,119.37070422031722,144.7058823529412,-28.610522455346633,-28.33312104595513,29.811779280836078,30.2327611082707,28.11931394272937,32.12927795952483,24.71107570121973,31.310139729038216,118.8,118.6,126.67058823529412,127.88235294117646,127.15294117647059,128.96470588235294,126.94117647058823,127.4,0,0,0
9,131.51627582676548,145.8279569892473,-27.07983532418496,-26.594295690905543,31.008298927797387,31.149554351798503,30.850595757530275,32.20389668787412,26.759066322102427,33.21899479475322,119.84946236559139,118.94623655913979,127.23655913978494,126.82795698924731,127.3010752688172,128.56989247311827,126.48387096774194,127.25806451612904,0,0,0
10,152.74041637496876,146.56,-23.92791190061031,-24.111537473544416,32.43643680245035,35.43601414501188,34.507201310981785,32.611410528686186,29.747310846948082,36.04149211504518,120.04,119.48,127.15,127.25,128.06,128.23,126.44,127.09,0,0,0
11,183.14961282761885,149.45,-22.340735200164517,-22.012739534859623,34.620523224808096,39.805216748716,39.81883285261517,38.600960414784865,33.48648270023764,41.17107162148117,120.22,120.43,127.77,128.94,128.99,128.72,127.22,126.91,0,0,0
12,202.11393839279077,151.08,-20.520902118678332,-22.365957885416844,38.298088036856576,41.67124682250241,43.87199229378761,41.77895701313179,37.748367723102874,41.63214650750464,120.87,121.01,128.68,129.07,129.1,127.41,127.62,126.31,0,0,0
13,215.84625775467555,150.45,-21.9370166187947,-22.43956039352725,43.3727576316273,43.799064952118435,46.075043395597305,43.059027214427026,40.48884142240239,43.42810015082506,120.81,121.14,129.3,128.18,128.15,126.47,127.44,126.14,0,0,0
14,233.900544526591,151.89,-19.752304548645892,-18.824094465764173,45.938653168893,48.65863895257582,48.469793781687116,44.012279697265214,41.368546731354456,44.02903120922546,121.66,121.41,128.76,130.0,127.54,126.44,126.24,124.37,0,0,0
15,255.23320448686732,153.66,-18.922172031642152,-17.43648163311635,47.44872844918581,53.846038585010994,52.846813526515454,45.950682847337504,44.9478243800489,46.55177036352713,121.38,121.43,127.67,130.98,129.4,126.14,126.67,123.67,0,0,0
16,280.318200963486,156.86,-17.027038528362098,-18.214579362037988,52.300040471141976,56.67481997910008,57.667437414163075,49.168756840285575,49.422894415314616,50.32586973388068,121.54,121.34,128.14,131.46,129.86,126.95,127.54,124.65,0,0,0
17,300.1448145368194,159.89,-15.484645376945766,-16.329882799548933,54.48994298777001,59.77204777956674,58.97737810550621,51.633666990142345,53.50954621072452,53.5767606396043,122.51,121.4,129.27,132.38,130.37,126.06,128.09,124.94,0,0,0
18,315.25769321777966,161.06,-14.498769815082818,-16.20358750637409,58.15128950628263,60.34043285345152,60.926698776157984,53.775254414738185,56.99745550748885,55.7689194811174,122.75,121.49,129.97,132.69,130.73,125.94,127.92,125.2,0,0,0
19,332.1203751686972,163.91,-11.34018752820963,-15.309275902175427,61.14910993127898,63.331901564537475,63.23449114624577,53.55225306679452,59.19997301940773,58.30210987081771,123.57,121.33,131.44,132.8,130.84,124.53,128.31,126.49,0,0,0
20,344.0721692770587,164.33,-10.35875921389664,-16.06422763092942,64.67439889125791,64.72611625339817,64.38800887807385,56.62935601103799,61.61314085913589,58.46413522898096,123.23,121.26,131.9,131.9,130.75,124.79,128.55,126.32,0,0,0
21,353.0460788616512,165.01,-13.05031328552497,-13.864565242304911,66.13810900725653,67.29414009913485,67.68352450722814,57.57486187314495,61.66497726072207,59.60534464199443,122.16,121.7,131.4,133.44,131.42,123.58,128.56,127.33,0,0,0
22,361.15762919350374,166.41,-14.114993587130959,-14.538106295316709,67.50577867779634,67.7150342730565,70.61611742286486,61.98741802398015,62.001056062233246,59.98532461602028,122.24,121.25,131.53,133.76,132.57,124.31,128.39,127.6,0,0,0
23,359.087674806937,165.25,-15.217074123495506,-15.941865046602647,68.23897771496523,67.96622436687122,69.04837270769673,62.07632267270843,62.14239773713367,60.77431877765979,121.47,120.67,130.25,133.3,131.3,124.54,128.37,127.82,0,0,0
24,380.6926580083529,167.7,-12.864385600780158,-14.064016308387286,70.22932857603206,73.47259437753814,71.61368562220663,64.75869563301933,63.294038449849864,64.25271725887424,123.55,120.06,130.65,134.93,131.1,126.46,129.16,128.05,0,0,0
25,392.75293235937187,169.93,-10.924402651707608,-14.617966947868062,70.17799353467443,77.1731522535209,74.50379064790151,65.57911199312929,65.43113653826457,65.43011699145674,123.28,119.63,131.09,136.33,132.08,126.33,129.98,127.91,0,0,0
26,403.70606829140087,169.92,-11.08851347201471,-15.324742073592006,74.55052404969342,74.8847982063724,78.39748131080327,67.83286199062336,68.98724727488818,65.46641100462698,123.1,119.46,133.09,134.24,133.36,126.46,130.57,128.96,0,0,0
27,411.06857279683425,169.59,-11.641967986877598,-14.53502417043813,76.58537592427885,74.84972483899558,78.68717594167569,71.2751886427968,71.0872538930708,64.76084571333224,123.76,119.41,133.85,133.81,132.12,127.1,131.22,129.25,0,0,0
28,419.65039966961274,170.42,-12.331262426302828,-10.825198487877046,77.88572603545288,73.75751829013878,77.11843254642943,72.0120323526015,74.07730416326764,67.95584719590241,124.24,119.49,135.29,133.33,131.35,127.22,132.48,130.5,0,0,0
29,424.7634645870858,172.02,-12.030947045982053,-12.874856675736565,76.7142473206248,75.21818491453905,79.21858739556706,71.27714928462932,74.99760856066959,72.24349083277464,124.64,119.95,133.99,133.35,131.1,126.39,134.41,132.69,0,0,0
30,437.86716548949676,174.39,-9.74534397896224,-13.802587444315717,79.49065180890463,78.3251726348272,79.20590024586024,72.31123654900436,76.35868306340011,75.7234526107782,124.08,121.0,134.51,134.82,131.12,127.89,134.66,133.46,0,0,0
31,450.3331111609983,174.93,-7.1875895432894605,-11.839996515568817,79.80265891542737,79.29736046318965,78.96733488522707,75.07926803130086,81.45087737462906,74.76319755008261,125.01,121.38,132.44,134.48,131.02,128.8,137.34,133.06,0,0,0
32,458.92332437650543,178.97,-9.620814493802488,-8.89503078763379,80.4874932056288,83.96779909308283,76.00520369488828,80.49370390996592,83.60258420096137,72.88238555341464,124.66,122.91,132.41,136.82,130.48,131.83,138.38,133.03,0,0,0
33,465.4433525865529,181.25,-10.446364067425485,-9.922155541019096,79.60159742202408,87.0971428466112,77.76547810933998,81.40353704615484,84.7250628184928,75.21905395237457,125.29,122.8,131.97,138.39,131.93,132.42,138.33,134.36,0,0,0
34,476.43224053252476,182.88,-9.532974420868474,-7.763363394574806,81.46454157874543,88.32271332617567,79.35803120048752,80.89306941126377,85.72498410940152,77.96523872189412,125.69,122.66,132.85,139.41,132.71,132.2,138.38,134.38,0,0,0
35,485.772513279477,183.66,-6.593751771583792,-7.452913885229861,80.82363828558259,89.88253305269252,79.14905951065863,81.3349776780372,88.46375170364522,80.16521870567448,125.88,123.52,132.71,140.42,131.81,132.33,138.21,134.92,0,0,0
36,501.70127101325596,185.79,-6.413302732888008,-6.605238998365982,85.93419098739555,92.61391630570215,83.99852840784212,83.0697259487328,88.85933278052576,80.24411831431156,127.03,123.94,133.95,141.4,134.8,132.75,137.09,134.89,0,0,0
37,504.7626168870005,187.76,-4.934602606325692,-6.588239455511538,87.93315001713923,90.81685815241605,83.4696695472088,81.43447237972704,91.97702699750529,80.65428185484133,128.24,125.1,135.6,140.44,134.71,132.4,138.71,134.47,0,0,0
38,515.7847143616821,190.1,-8.699554512451803,-6.860901343424178,86.49924495180299,91.2000807702313,86.707105392606,82.28780251287027,99.66952880517961,84.98140778486795,126.32,125.92,134.79,139.42,138.5,132.54,142.82,137.11,0,0,0
39,523.2122218957644,192.35,-9.067338534497146,-5.226320735316657,85.45917579216918,94.59518380382092,85.50619834032732,83.69829434430518,99.95877602889928,88.28825285605625,127.23,126.03,134.18,141.3,137.28,134.54,142.13,138.73,0,0,0
40,536.8480641100002,195.54,-6.145626344042975,-8.075568821141752,83.98486769458064,95.65166219296304,88.65053061520925,87.65592643250649,103.8476965589466,91.27857578097903,128.31,125.84,133.36,142.25,139.0,135.87,144.61,139.57,0,0,0
41,542.5864268515091,196.14,-6.244731673754356,-8.415336428250912,86.3004147440787,96.55640414471834,87.8195262013765,86.99016330369473,105.02278414124653,94.5572024183996,127.62,125.81,134.88,142.51,139.28,135.31,144.9,140.21,0,0,0
42,562.242759110998,198.35,-1.4802907155959526,-10.699253648582076,91.39091454546504,100.57564371024472,92.82565330487064,90.52167646030578,103.92016698111233,95.18824847317757,128.87,126.15,137.01,143.71,140.2,137.4,144.39,139.58,0,0,0
43,571.4583647189462,200.05,-1.9012492551479776,-10.433298419887956,92.89951758379033,101.99490244352248,94.65348162503007,90.46994090861477,107.69338136399784,96.08168846902669,128.47,126.54,137.71,144.0,141.26,137.42,145.06,139.82,0,0,0
44,576.8147337874195,200.22,-4.095653583002339,-6.974606217782313,92.7560377200511,104.83253840619336,97.06472638566656,90.48681670907432,108.88587078711161,93.85900358010731,127.43,125.15,138.31,145.87,141.85,136.77,145.35,139.13,0,0,0
45,580.803281239824,201.19,-5.545079002276538,-5.077559922944904,91.44648049833405,109.14450346549053,98.2804503119066,90.05839196679636,107.65262107327595,94.84347284924192,127.09,125.35,138.17,147.78,141.64,136.89,144.48,139.23,0,0,0
46,585.8772937747018,199.49,-3.6809523368583257,-3.9507229555718113,92.3780870981813,107.15208861327777,102.6696250507414,91.97145004658807,103.19647347191002,96.14124478643335,126.99,125.36,139.68,146.6,143.03,138.31,142.51,138.76,0,0,0
47,596.3671169529412,201.73,-3.535856022403786,-5.290443470558298,98.17841364722317,108.32565271640102,105.04737793377804,92.20929451649981,104.0684480362136,97.36422959578762,127.4,124.48,143.7,146.96,143.45,138.16,142.1,139.22,0,0,0
48,601.4916013849487,200.54,-4.181807909947082,-5.615127887448676,100.32618934366376,106.62488521438547,102.98559768218529,96.62592573001788,105.5159974141844,99.20994179790765,127.16,124.4,143.88,145.02,141.63,139.27,144.53,140.02,0,0,0
49,612.8864509258166,203.41,-5.071625137157502,-6.115278172179731,103.64986252633138,109.75418693433518,105.35509039756457,99.27028862616783,105.90309921004467,100.14082654071035,127.2,124.23,145.59,146.0,143.48,140.11,144.72,140.23,0,0,0
