iter,r_mean,l_mean,reason_timeout_pct,reason_starvation_pct,reason_dehydration_pct,reason_predation_pct,attacks_attempted,attacks_hit,attack_hit_rate,r_agent_0,r_agent_1,r_agent_2,r_agent_3,r_agent_4,r_agent_5,r_agent_6,r_agent_7,l_agent_0,l_agent_1,l_agent_2,l_agent_3,l_agent_4,l_agent_5,l_agent_6,l_agent_7
0,-270.2952133064147,171.83333333333334,0.0,45.833333333333336,54.166666666666664,0.0,60.833333333333336,0.0,0.0,-19.027510680794233,-25.98482604324408,-48.805674778866866,-27.814207937813762,-36.682925851389705,-40.99643620935543,-34.666264262394634,-36.317367542556006,144.66666666666666,130.16666666666666,126.33333333333333,148.33333333333334,132.83333333333334,128.5,135.33333333333334,137.5
1,-283.3766373447682,174.57142857142858,0.0,40.17857142857143,58.92857142857143,0.8928571428571429,59.785714285714285,0.14285714285714285,0.0017006802721088435,-27.15491118454501,-30.814038545137688,-46.516527333137375,-34.73139342513406,-37.74389027002696,-33.55849023259362,-38.25949649226646,-34.59788986192702,136.42857142857142,134.5,126.28571428571429,138.85714285714286,127.92857142857143,140.92857142857142,132.35714285714286,137.57142857142858
2,-290.61475201507346,168.125,0.0,43.75,54.6875,1.5625,50.041666666666664,0.375,0.0090000715000715,-32.120860322545234,-32.35733603010542,-42.811345010693266,-38.391474114227606,-36.74852278749283,-35.21535272410438,-35.61098991466452,-37.3588711112402,139.83333333333334,133.08333333333334,130.29166666666666,136.25,127.41666666666667,134.5,130.625,134.04166666666666
3,-287.2723697789286,168.40625,0.0,41.796875,56.25,1.953125,46.40625,0.46875,0.013694498069498068,-29.81586802623128,-35.23059650298293,-40.30093676674602,-37.966793492750725,-37.546570885437006,-36.30101865415932,-35.19994831436481,-34.91063713625643,141.59375,133.75,129.6875,135.46875,130.28125,134.65625,129.125,133.78125
4,-289.55047260477437,166.609756097561,0.0,41.76829268292683,56.707317073170735,1.524390243902439,44.951219512195124,0.4146341463414634,0.01169946389894125,-28.55995101691938,-34.64848377594751,-40.393084273726174,-37.00071606336395,-38.006958519519664,-37.83288450214406,-37.36793545269992,-35.74045900045366,140.0731707317073,133.34146341463415,130.26829268292684,134.65853658536585,131.2439024390244,133.73170731707316,129.0487804878049,133.4390243902439
5,-292.7353552575153,166.1875,0.0,42.96875,55.46875,1.5625,44.208333333333336,0.3958333333333333,0.010431888571573721,-30.14173250843781,-35.073660292474706,-40.39809724275509,-37.82644014466937,-37.59997549266452,-37.98555680343779,-38.03285480290224,-35.677037970173764,138.22916666666666,133.20833333333334,132.58333333333334,134.29166666666666,129.375,133.27083333333334,128.625,135.54166666666666
6,-289.9972595268246,168.2982456140351,0.0,43.421052631578945,54.824561403508774,1.7543859649122806,42.280701754385966,0.43859649122807015,0.01155412381694398,-29.294085206041398,-35.006496655716425,-41.26450458022088,-35.959612101141346,-37.03327164357824,-38.36642365201865,-38.46291275113421,-34.60995293697343,139.08771929824562,132.91228070175438,132.50877192982455,134.64912280701753,131.47368421052633,133.0701754385965,131.17543859649123,134.2280701754386
7,-287.49343502353497,169.3230769230769,0.0,44.23076923076923,54.23076923076923,1.5384615384615385,40.95384615384615,0.38461538461538464,0.010132077808704721,-27.819041513263418,-35.04519248904817,-41.32857973124043,-36.89323907324201,-35.715785775730204,-38.459431160122854,-37.82718915455076,-34.40497612633714,141.09230769230768,133.36923076923077,131.44615384615383,133.1076923076923,131.2923076923077,133.8923076923077,132.30769230769232,133.92307692307693
8,-287.2831011743818,170.28169014084506,0.0,43.66197183098591,54.929577464788736,1.408450704225352,41.08450704225352,0.352112676056338,0.009275845881208547,-28.464832475822142,-35.62591937163046,-41.361618121494516,-36.46115978147547,-35.1271438576066,-37.954758400911814,-37.82545403482872,-34.4622151306122,139.9718309859155,132.59154929577466,132.07042253521126,134.69014084507043,132.18309859154928,134.71830985915494,132.59154929577466,134.25352112676057
9,-284.9526283947093,170.34177215189874,0.0,42.879746835443036,55.69620253164557,1.4240506329113924,44.0126582278481,0.3670886075949367,0.009153179577190695,-28.638203529126113,-35.20802659724463,-40.38212554905586,-36.64446501216079,-34.01909122378971,-37.614736022548435,-37.20494471245261,-35.241035748331086,139.77215189873417,133.1012658227848,132.84810126582278,133.873417721519,133.7594936708861,133.53164556962025,131.9746835443038,133.41772151898735
