iter,r_mean,l_mean,r_agent_0,r_agent_1,r_agent_2,r_agent_3,r_agent_4,r_agent_5,r_agent_6,r_agent_7,l_agent_0,l_agent_1,l_agent_2,l_agent_3,l_agent_4,l_agent_5,l_agent_6,l_agent_7,llm_selections_explore,llm_selections_survival
0,16.937004978508376,144.125,-32.43466653468237,-18.95308710202747,17.93052249118029,13.402922267508785,14.48112440010602,6.617321033667342,15.121712323966502,0.7711560987893198,121.25,117.125,130.25,130.75,130.625,118.375,126.375,129.25,0,0
1,14.93461023261245,147.52941176470588,-29.752062334205355,-28.274561791128555,18.61736855571257,4.612177875755499,26.821958907959928,1.938905690999134,16.642122286852377,4.328701040666814,120.0,119.47058823529412,128.64705882352942,129.0,129.05882352941177,123.11764705882354,127.11764705882354,126.88235294117646,0,0
2,31.11235989402231,151.19230769230768,-28.780569024573488,-33.816019268722236,18.340373238032246,9.685716483124592,28.579452747455985,1.2551662163031803,21.56733816375084,14.280901338651116,119.23076923076923,118.84615384615384,129.1153846153846,130.0,133.96153846153845,122.84615384615384,128.65384615384616,128.92307692307693,0,0
3,49.068729332706404,150.61111111111111,-27.519378941175333,-33.82068004656636,21.411726761153837,11.65088167979355,28.03209857539254,8.706901940464256,23.530491043800406,17.076688319843466,120.44444444444444,119.80555555555556,128.41666666666666,128.86111111111111,133.41666666666666,125.08333333333333,128.36111111111111,128.36111111111111,0,0
4,59.719825427426464,149.20454545454547,-24.374766740982533,-33.07951571573719,19.9905058603529,11.663950265256434,28.60030411062866,11.162774593785167,24.842133138764964,20.914439915358034,119.61363636363636,118.95454545454545,127.4090909090909,127.95454545454545,131.95454545454547,126.11363636363636,128.88636363636363,126.29545454545455,0,0
5,68.218601170247,147.67857142857142,-27.21878703307969,-33.12358078351305,22.2357336127601,13.51422445030306,28.843630519495317,15.774354732547806,26.74230495313274,21.450720718600742,117.92857142857143,118.30357142857143,126.82142857142857,127.08928571428571,131.125,125.51785714285714,128.91071428571428,126.55357142857143,0,0
6,83.83461208606963,148.1875,-25.469537577051984,-32.1377742015825,22.723893336836312,16.988695188362517,27.11820428317847,21.075772053485508,29.2051227022346,24.330236300606735,118.5625,117.640625,127.15625,127.34375,130.140625,126.546875,129.359375,126.296875,0,0
7,97.5492472870612,147.55405405405406,-25.25935186878176,-29.862388496042616,25.841335342572147,19.104042768075026,27.853746021732476,24.909186497163898,31.102236060687062,23.86044096165498,119.24324324324324,117.98648648648648,126.63513513513513,127.39189189189189,129.2027027027027,127.29729729729729,128.90540540540542,126.28378378378379,0,0
8,111.1663466249571,146.89285714285714,-25.356693584709177,-28.339341380894172,25.94960297904219,23.272596688187598,30.72375914341514,26.995150130286667,31.64013013788564,26.281142511743216,119.25,118.85714285714286,127.83333333333333,126.8452380952381,127.78571428571429,127.21428571428571,128.41666666666666,126.0952380952381,0,0
9,121.30030650977628,147.3695652173913,-26.72170094888223,-28.357045887059666,26.62132308686268,26.364299971245615,32.15658492210549,28.3731816295763,32.87441887859718,29.989244857330934,119.57608695652173,118.80434782608695,127.54347826086956,126.97826086956522,127.33695652173913,126.58695652173913,128.45652173913044,126.3804347826087,0,0
10,133.701630389185,146.56,-26.293460318959184,-28.16064573722719,28.20099913339449,27.75371140682319,33.948471907381794,30.015644394157516,35.399432688747055,32.83747691486736,119.5,118.82,126.73,126.38,127.32,126.27,128.7,126.51,0,0
11,156.1702521686294,147.0,-24.878769614124362,-28.72232208228216,32.14207735222905,34.28067516526639,35.41940888235893,34.8185086580897,37.34230040864101,35.76837339845087,119.92,118.91,126.42,127.64,126.29,126.46,127.91,125.84,0,0
12,181.35127274649295,149.87,-22.840098547792213,-24.262075112130766,35.58599898942973,36.793883221915465,38.972991235750484,39.877022476893984,38.92639808195696,38.29715240046929,121.03,120.86,126.0,127.2,126.29,125.19,127.44,125.05,0,0
13,208.04682583581177,150.24,-22.68718672542984,-21.34071711726292,41.25728452641828,40.72766108513935,43.6468989378897,45.54982693828053,41.84354152239969,39.04951666837703,121.47,121.14,127.5,127.16,125.34,126.16,126.6,124.25,0,0
14,229.43303093390787,150.93,-23.04126523734627,-20.329300164167083,45.67026884320458,46.72096714912102,45.65996587380286,49.827375447364744,42.010336462040186,42.91468255988789,121.38,120.8,128.25,128.33,124.25,126.85,125.96,124.15,0,0
15,251.55910673985454,153.59,-25.416133724724453,-21.178665906882987,50.47026746340394,50.41000473183651,49.892526558076554,54.51002817260886,46.161435819750075,46.70964362578607,121.92,121.84,129.32,128.73,125.38,126.63,126.43,125.66,0,0
16,278.5439812086758,155.89,-23.537141144486036,-16.229453259043392,53.31903495661157,55.16113887823524,52.77700895734104,58.98356902319297,49.271842287084155,48.797981509740204,123.48,123.41,128.39,130.0,125.65,127.95,127.0,124.21,0,0
17,291.5521632107363,157.29,-23.10448626596518,-14.584970927019837,58.25185615949138,55.5901426293735,56.489967897996564,58.25687357444155,49.58616798720588,51.06661215521239,123.65,123.69,130.01,129.58,126.7,128.19,126.9,125.18,0,0
18,315.34858513936865,159.92,-22.75441791049695,-12.728793230646225,60.41309536738144,60.045626342833096,62.65425578561876,59.33380923984007,52.38840489229421,55.996604652544235,123.87,125.07,130.7,131.36,128.59,127.45,127.28,125.8,0,0
19,330.2137110551113,162.31,-20.550433770798055,-12.501588246479434,64.9218159576859,62.05842903910921,62.642636885782856,58.01377287359128,57.58212151592787,58.04695680029162,124.23,124.7,131.62,131.23,128.97,126.61,128.68,125.86,0,0
20,344.2754404666399,163.13,-15.452074714706669,-12.62558896175883,68.24083818585864,61.219218914370934,62.748147583809185,61.23200291747717,56.635453519038535,62.27744302255088,124.05,124.71,131.2,131.87,129.81,127.4,128.96,126.48,0,0
21,351.31303163268035,165.42,-16.640942750624873,-9.97408502512771,67.9725065152606,62.568073642821766,64.19021349883708,64.26797080516135,57.116377274889736,61.81291767146244,123.48,124.93,131.27,133.11,130.8,128.77,128.96,126.42,0,0
22,365.7939352658738,168.59,-16.96084014911928,-10.331114649534443,72.60780751278895,63.56690373559702,67.13601692321214,67.56962065727295,60.6696141245859,61.53592711107061,124.05,126.2,133.68,133.09,131.37,130.39,129.65,125.52,0,0
23,381.2909502208523,171.32,-16.428197064540544,-9.821755218221414,76.26296541555668,65.29914306343093,69.28309777792316,71.54567752729564,62.80516135269691,62.344857366711,124.03,126.62,135.27,133.51,132.77,132.0,130.82,126.77,0,0
24,388.9823011335382,169.83,-12.197049208486774,-12.283247063893546,77.08882438225397,66.76308608091152,71.69162634915298,70.86255754344361,62.178304452784936,64.87819859737156,124.73,125.61,136.2,133.79,134.8,133.4,130.26,126.81,0,0
25,393.93297273947593,171.49,-11.113575914248534,-9.609017750684792,79.52040071325118,68.68075950580652,69.66018726832088,70.37813229249268,60.78179314933788,65.63429347520017,125.2,126.19,136.78,134.31,134.7,133.59,130.64,127.2,0,0
26,400.81715470639347,173.17,-9.349774110550738,-6.772988766779514,76.95813867935854,68.21904988747795,71.34210611421038,68.3747130512318,64.58038116473588,67.46552868670909,125.39,127.94,134.63,134.39,135.68,133.25,131.53,127.77,0,0
27,410.0044552288762,172.33,-6.21820488367603,-4.270147621926566,77.94171943005574,67.76804544946289,75.30894800551614,69.950847469772,62.499176870989984,67.02407050868206,125.84,128.09,134.65,133.31,136.39,132.73,130.47,127.05,0,0
28,423.29769493450897,173.04,-3.175927192019559,-1.103084469520779,78.16814093650582,72.72906693166337,74.50412822485708,69.06489784232305,64.73896345296993,68.37150920773014,126.33,128.77,134.53,133.84,135.59,131.68,130.62,128.21,0,0
29,428.51355461094636,172.65,-2.7194247942361445,-5.003363577592408,79.1083154155862,72.42634755648211,76.83482229274426,69.60774012990764,65.64565491256683,72.61346267548794,127.49,127.96,134.37,133.3,135.92,131.15,130.34,127.88,0,0
30,427.7156916960789,171.42,-1.4796876473436498,-4.296734535195298,76.67338218283777,70.22315090943165,75.169918427844,70.52834108327212,67.10812371694759,73.78919755828468,126.92,127.89,133.21,131.62,134.43,131.32,130.51,127.92,0,0
31,429.7160148805656,170.61,-4.275728062233078,-4.108645662546997,75.04229514181353,70.41017974181901,76.72948496567246,75.67409339299078,64.78335097386187,75.46098438918801,126.92,127.45,131.81,131.06,135.51,132.82,129.12,128.77,0,0
32,433.15266094967643,170.18,-3.392058957994866,-2.84418649382507,73.85185674213886,72.56231799559284,78.35874209406757,74.64377683702746,66.96868618832782,73.00352654434177,127.18,127.76,130.63,130.93,137.02,132.41,128.12,127.83,0,0
33,444.3241253829294,170.18,-2.820397582735213,-1.2587759283498585,78.71868583864268,74.20971066657722,82.07333893464937,72.48049639710928,66.94063276500451,73.98043429203145,127.19,128.8,131.76,129.74,137.32,131.89,128.52,127.36,0,0
34,450.78291224705333,168.4,0.9780706900088094,-1.2541486840750982,77.94152289612633,75.98909862992497,83.65320992641388,70.45116550675237,65.61041854141358,77.41357474048846,127.83,127.41,129.76,129.13,138.08,129.95,128.19,127.82,0,0
35,457.79298610212726,167.41,2.5885445382967096,1.5989240503956557,78.28828733261845,75.80781963424901,84.11269168531396,69.10709566451938,66.06956359185502,80.22005960487884,128.64,126.41,129.5,128.48,136.85,128.5,127.28,127.45,0,0
36,465.3236452788401,166.35,-1.8300747506113,5.868259469325798,77.40909729824307,77.67631125956892,82.6893821847362,71.31441356464266,67.63574390691632,84.56051234601831,126.37,126.96,128.77,128.37,135.17,127.46,127.57,129.0,0,0
37,478.4538050443342,167.84,-3.891963424861578,5.16244224799738,77.66536111305949,79.27393028238643,87.61231730293622,73.54579947829139,71.02652050925035,88.05939753527446,125.38,128.43,127.15,129.0,135.86,127.46,128.7,130.74,0,0
38,493.08721240409034,167.28,-1.1368541999402266,5.200382391685379,77.58721216508268,84.65999119418568,87.98685752367979,77.41086452076745,73.65801514492463,87.72074366370478,126.02,126.8,126.62,130.58,134.31,127.44,129.76,130.46,0,0
39,501.7806275954762,169.55,-2.1718111629597856,7.067429910956639,77.76264207510489,87.18592009812254,86.21212624305032,78.76946765810062,76.7217805245527,90.23307224854811,126.79,129.26,126.2,132.38,133.41,129.01,129.98,130.74,0,0
40,506.15213111982047,171.58,-2.1699116529009186,3.029952445732331,78.83643979501865,87.96498058787748,88.95650968560989,81.99178027477552,75.51912197636892,92.02325800733848,125.82,128.44,126.95,133.69,135.8,130.97,129.76,131.21,0,0
41,509.5037466057071,170.91,-2.0123711944407052,8.339088409771776,79.90430076259497,87.05464873401746,89.09654900401489,77.9984886639441,78.15137961549442,90.97166261031006,124.75,130.41,127.5,133.67,135.45,127.97,130.81,130.5,0,0
42,521.3032624280737,172.25,-1.9340598398071598,9.753976289778155,80.42706067779194,90.03111600975203,91.36926140023544,83.13154322600278,78.21780286361414,90.30656180070633,125.07,131.16,127.26,134.23,136.32,129.62,129.45,130.44,0,0
43,524.7664176013773,175.14,-3.0688902298256515,11.278154351199916,80.2152919894381,91.47910561827504,92.81305487659583,84.16425241174498,77.65591117134396,90.22953741260504,125.69,133.64,124.79,135.17,136.24,130.47,129.53,128.91,0,0
44,533.113172167241,176.2,-1.6962953112544177,10.54032747984046,83.74588756265774,92.24713220592696,95.76442329560565,84.01787593685901,77.36105957813918,91.13276141946645,126.86,133.98,125.55,135.78,136.53,129.47,128.33,128.91,0,0
45,539.1596313663249,177.55,-2.727223447391606,9.632299862816602,85.04123735951126,93.599477182172,95.54544703387748,88.4624100655258,77.95218201914092,91.6538012906724,127.82,133.34,125.88,135.49,135.21,131.06,128.68,129.41,0,0
46,549.1292980573718,178.18,-3.702180679660039,10.407378280532491,87.44808747895908,94.05361709178324,95.50309668059495,92.84776490588361,80.92107930574497,91.65045499353339,127.54,132.64,127.96,136.12,135.55,132.69,128.08,130.71,0,0
47,560.4063555341695,181.03,-3.6938370369187883,8.24853986814725,88.53102545823197,98.62297449549256,94.81828407883711,96.98647904643492,85.15257456428377,91.74031505966087,127.08,132.63,129.61,139.11,134.08,134.97,129.84,131.35,0,0
48,568.6209262596535,183.07,-2.82500242969888,8.497760540841421,88.59117246285217,99.44373104099263,97.66359134196946,98.21936099931943,87.97527003149027,91.05504227188722,128.15,133.31,130.41,139.14,135.02,135.45,130.61,131.12,0,0
49,570.4452766741877,185.01,-1.0470925002978413,8.794645345126828,87.88846964532608,102.03662152471388,98.10968316712768,97.46885965189094,90.10957061225128,87.0845192280488,128.18,132.86,129.97,141.35,135.07,135.16,131.21,130.09,0,0
