iter,r_mean,l_mean,reason_timeout_pct,reason_starvation_pct,reason_dehydration_pct,r_agent_0,r_agent_1,r_agent_2,r_agent_3,r_agent_4,r_agent_5,r_agent_6,r_agent_7,l_agent_0,l_agent_1,l_agent_2,l_agent_3,l_agent_4,l_agent_5,l_agent_6,l_agent_7,gpu_mem_used_mb,gpu_mem_total_mb,gpu_load_pct
0,-498.82893107419716,238.0,,87.5,12.5,-66.03924881840128,-53.04282865651866,-65.68356751804838,-67.3909799222633,-48.80580407646842,-66.07065990432629,-66.06629653255393,-65.72954564561688,224.0,194.0,198.75,238.0,192.0,213.0,197.0,201.75,nan,nan,nan
1,-480.22033030006855,236.375,,70.3125,29.6875,-62.48801387051434,-57.384170829890024,-60.698887535303776,-62.56472312242269,-53.59350851801568,-64.08847658110307,-57.875037002357104,-61.52751284046184,218.25,204.375,195.875,227.875,201.875,210.5,210.25,205.375,nan,nan,nan
2,-477.11275125819145,242.4375,,57.8125,42.1875,-62.37075297420377,-57.448605970507955,-60.02156593883417,-61.630937645167315,-55.622638940836396,-62.562722368886455,-53.72335317324115,-63.7321742465142,213.625,203.0625,203.9375,218.5625,208.125,214.6875,209.625,206.5625,nan,nan,nan
3,-474.06200376397345,246.45,,56.25,43.75,-60.95660063533579,-59.06660926868911,-56.25329973554013,-63.67186328505918,-57.58257376814913,-58.48883596800456,-54.8709747248309,-63.17124637836459,212.4,204.95,211.6,218.9,208.1,218.0,211.2,207.8,nan,nan,nan
4,-468.2450626710655,251.4,,54.5,45.5,-59.630371271000996,-59.44509402222423,-54.82883235390471,-62.9515392424178,-57.87907979516938,-59.97688749895587,-55.658150073463524,-57.875108413929055,215.32,207.28,215.24,217.56,208.96,218.32,211.4,213.28,nan,nan,nan
5,-447.28699251605786,267.46,0.8333333333333334,52.916666666666664,46.25,-58.20705190845167,-59.43646317644179,-53.958906975126595,-63.50204155960353,-49.19786616964698,-59.24841935052461,-52.23618144077816,-57.83486053892996,213.6,210.16666666666666,220.4,216.26666666666668,219.23333333333332,217.7,218.36666666666667,214.4,nan,nan,nan
6,-435.8250442244254,277.45,0.7352941176470589,52.5735294117647,46.69117647058823,-57.41715248827494,-59.37934479038049,-54.56572659052536,-60.644169730174056,-49.252964527014484,-58.19292075249396,-51.703214915904105,-57.648846750350714,215.38235294117646,211.88235294117646,223.6764705882353,220.11764705882354,220.2941176470588,222.41176470588235,219.3235294117647,217.44117647058823,nan,nan,nan
7,-408.4810124850688,287.06,1.6025641025641026,50.96153846153846,47.43589743589744,-53.90072253795687,-59.84926773282717,-54.147231891075485,-58.18188000261755,-45.33531400889283,-55.28685770560125,-50.70716143305586,-56.13779534453066,219.97435897435898,212.30769230769232,225.56410256410257,223.6153846153846,226.07692307692307,221.71794871794873,219.6153846153846,219.46153846153845,nan,nan,nan
8,-389.5845070015421,294.58,1.6666666666666667,52.22222222222222,46.111111111111114,-53.50096826421632,-54.76284997028806,-54.37937281055017,-56.86755549685521,-46.12466029985231,-53.07302425491763,-52.040720784964456,-56.2344456840924,221.53333333333333,216.0888888888889,224.37777777777777,221.48888888888888,226.66666666666666,223.13333333333333,219.88888888888889,222.0222222222222,nan,nan,nan
9,-367.9306458338082,297.65,2.0408163265306123,52.55102040816327,45.40816326530612,-51.17679602095331,-53.890442610023605,-54.751922797935705,-56.60751839454701,-46.89495640922817,-49.3560608386886,-52.26882728689618,-52.76927585011857,225.51020408163265,216.75510204081633,222.9795918367347,222.22448979591837,226.48979591836735,224.12244897959184,220.6530612244898,226.3469387755102,nan,nan,nan
10,-356.3663892911809,301.4,2.0,49.875,48.125,-48.483860658972525,-53.33312835592391,-52.723039877752164,-52.774731535181836,-47.04615476556828,-48.61882576602494,-52.29399010633422,-51.013349030367316,228.8,219.44,224.57,225.11,228.16,224.15,222.27,228.38,nan,nan,nan
11,-329.9482502959973,308.18,2.5,49.75,47.75,-44.659931607255324,-52.82524397122486,-50.69353539357072,-48.734838998257416,-43.172368204454905,-47.34796307796425,-50.33769165735225,-50.16675788302239,232.92,220.93,228.71,229.03,231.94,226.8,226.92,231.53,nan,nan,nan
12,-322.8376980066839,307.86,2.5,50.0,47.5,-42.87191756846756,-50.692294120518035,-49.32371948710339,-46.75311288929739,-41.92393622261564,-46.109120879446145,-50.68013791024803,-48.47674035527777,234.79,222.54,230.27,231.45,233.41,229.27,227.46,233.95,nan,nan,nan
13,-317.40448157061655,310.08,2.75,51.25,46.0,-36.78309735442755,-48.46297310977652,-47.86041984781623,-44.20746555838636,-40.09105389829731,-44.69466890832659,-51.31587782355797,-46.75838366708109,238.01,227.7,233.18,236.16,237.45,229.01,228.03,235.61,nan,nan,nan
14,-282.9692879633339,318.32,3.25,50.25,46.5,-33.7565774717858,-43.8594569280192,-45.80918099227495,-41.82462562857914,-36.399553388950714,-42.69833277424772,-46.437852680887644,-43.79690972573167,243.23,232.88,233.17,238.51,241.15,228.23,231.24,234.92,nan,nan,nan
15,-277.5349739674777,317.94,3.0,49.25,47.75,-33.7839899722887,-40.55739136667458,-42.39628491424697,-39.249136773513015,-38.0324750743429,-40.52111418992483,-46.18187242121515,-40.601319740768865,241.48,235.88,237.46,240.57,239.28,227.1,230.19,235.07,nan,nan,nan
16,-262.6031479849764,319.62,3.5,49.0,47.5,-33.65081083888785,-33.05639425564944,-40.77648988819006,-32.212980559925875,-40.65861995739877,-39.08698129313089,-43.99609779167118,-41.1464081958232,242.79,242.83,239.3,245.6,237.34,227.1,230.89,237.01,nan,nan,nan
17,-223.7623276048588,325.39,5.0,49.375,45.625,-34.13688747463208,-29.346820907548498,-36.25736086172781,-27.00802735638179,-41.01613245475799,-34.37014279943779,-38.85404416315528,-37.46164615317378,245.81,243.07,241.51,247.05,238.08,232.76,233.9,240.75,nan,nan,nan
18,-179.26764743604767,331.63,6.25,49.0,44.75,-30.923670543581046,-30.051045967891586,-36.80457010934436,-23.307027535139287,-39.39430151044065,-29.898842210275134,-30.508794336556225,-35.18417265682251,245.51,241.88,240.24,247.23,237.82,238.55,241.2,241.7,nan,nan,nan
19,-165.5733235961761,334.2,6.75,48.625,44.625,-31.7504264408822,-27.36395667686852,-29.871212951678476,-22.689876833033942,-35.34304208988179,-29.727941137266143,-30.015806501328857,-33.38672500913644,245.62,241.36,243.81,246.92,237.91,238.34,240.2,243.21,nan,nan,nan
20,-156.156715026053,335.23,7.5,46.625,45.875,-24.978360267976036,-25.394561277114086,-28.718056134130787,-22.571918758887506,-33.06285103869825,-27.316137407377347,-26.52252679517801,-32.154490260894896,252.42,245.85,245.7,246.93,241.89,241.13,242.09,239.66,nan,nan,nan
21,-109.0246830383318,343.3,9.0,45.0,46.0,-22.563163304837907,-18.715535937366344,-28.886366476368732,-16.52815297671367,-24.292952785153304,-28.329216799992817,-26.044734077529252,-27.44469676708447,252.51,246.45,246.08,251.39,246.84,243.47,240.36,241.83,nan,nan,nan
22,-82.64382689315826,345.26,9.875,44.875,45.25,-16.23051235691545,-14.805507808463258,-26.605727795093102,-19.722737234311047,-18.375472038421453,-28.88339923982237,-21.877462626238763,-28.080520260705022,254.31,250.18,248.49,247.39,250.43,242.91,241.02,241.05,nan,nan,nan
23,-55.21099324198277,346.1,12.375,44.0,43.625,-15.34179371037272,-14.024192361264964,-24.852967884809136,-12.50145075776531,-13.368902257336071,-21.591372423599523,-17.71185864855961,-25.161683164677196,254.26,251.85,249.77,250.24,253.86,250.31,245.22,246.4,nan,nan,nan
24,-61.763242121765394,344.8,13.0,42.25,44.75,-13.174268630365598,-13.238002574446927,-25.466378597400798,-10.360012789692139,-13.159664793139607,-15.295789633605196,-16.37250846776851,-18.97466781629659,256.36,250.59,248.15,248.79,252.12,253.69,243.56,248.98,nan,nan,nan
25,-54.172808107044794,343.57,14.375,42.25,43.375,-16.294196671289264,-11.558202233201833,-23.512222330147814,-10.161835117842447,-13.441513858634885,-10.228031636438802,-7.899820816378549,-17.86866886077506,253.71,250.87,248.11,246.9,248.22,261.24,248.28,251.22,nan,nan,nan
26,-55.06165132954536,342.23,15.0,41.75,43.25,-16.6013076576817,-13.036267986607845,-24.025819854212585,-7.296997795901369,-14.315146801382024,-11.555173199157073,-6.159765980613104,-13.982332911339304,252.43,250.66,248.26,247.33,246.1,261.06,251.35,260.01,nan,nan,nan
27,-55.67788313537263,342.48,16.25,41.5,42.25,-16.20164725014631,-15.507503498769676,-23.57686216841168,-2.720208665944978,-8.115379846905569,-8.733617274552783,-5.626148244497774,-8.046138936361551,252.35,247.47,248.72,251.07,254.8,265.46,253.16,266.77,nan,nan,nan
28,-62.37657283727578,341.74,17.125,42.25,40.625,-14.060150050738905,-18.23255836055999,-19.27356271059143,-5.074089417543749,-1.4860029015709046,-5.596732296297234,-8.503463031634318,-4.679927173728318,255.0,245.71,248.12,249.0,258.03,269.52,250.78,269.85,nan,nan,nan
29,-83.28184205236892,342.2,17.625,41.375,41.0,-10.01285657107855,-20.880694638599266,-17.56588522263615,-6.011772048734507,2.2353511816430545,-5.653668889280237,-9.98170861086198,-4.85693873772548,258.13,244.4,251.52,247.88,260.51,267.25,252.05,266.43,nan,nan,nan
30,-104.77550836170585,342.44,16.625,41.375,42.0,-14.653601902711296,-21.52801585836436,-21.259702226308583,-3.0761605776254974,4.514430342781008,-10.821612871244222,-14.051685175169723,-4.818951709784877,255.01,245.66,246.76,253.01,264.19,260.75,248.04,265.57,nan,nan,nan
31,-117.51419954618737,342.86,16.25,42.5,41.25,-10.406603539418645,-19.47010911727164,-23.388990231057086,-1.583807289304004,1.1873975992226884,-14.518115316760982,-15.916778431868483,-5.985101602768619,258.01,250.04,245.23,256.75,263.46,259.12,247.06,264.88,nan,nan,nan
32,-118.40604793823383,342.52,16.75,42.875,40.375,-11.558205971829166,-23.092944778987107,-21.249180394146983,2.927036997587816,-4.327733709911833,-9.981813002437049,-17.37126434154773,-5.2854330835382575,254.69,248.67,247.19,259.78,257.84,263.17,246.31,268.7,nan,nan,nan
33,-170.10103256035742,333.84,15.875,44.625,39.5,-14.898014797109887,-27.16548551410358,-21.83137882230562,1.0270153025188216,-9.570403345965623,-9.79285050208696,-15.505141405991717,-9.909460001379912,251.48,246.58,246.08,258.42,253.73,262.67,248.29,265.74,nan,nan,nan
34,-176.13142635137817,332.63,14.875,45.125,40.0,-16.734793313106525,-26.85866533630977,-22.781944996264347,-1.9011745413455983,-13.849305795353057,-8.766434058220131,-15.193356977363678,-12.422227763356629,250.18,246.57,245.84,256.62,252.9,261.13,248.68,265.48,nan,nan,nan
35,-156.34988845466216,329.2,14.25,45.5,40.25,-14.641667624703205,-26.822613828751358,-22.776539156138277,-4.678149672484414,-14.69977385941791,-11.90129758820788,-13.286053556351003,-18.028812023803816,252.3,247.7,247.03,255.28,252.85,259.91,248.83,259.94,nan,nan,nan
36,-147.89542888922503,330.91,14.875,44.0,41.125,-11.570922233017622,-24.001356770735892,-23.510275182645373,-5.322167398741528,-9.36730608273916,-17.79762280131745,-14.077980961459879,-21.06175565747604,254.26,251.23,247.71,255.51,257.23,253.85,249.39,257.45,nan,nan,nan
37,-136.33853970507676,333.1,15.75,44.375,39.875,-8.131246038920985,-22.612685247297982,-17.4325658440669,-4.569648488524011,-10.422552499905835,-17.980803425825066,-18.053374492469146,-25.727890519036286,260.43,253.83,255.44,260.52,258.72,250.26,248.16,252.58,nan,nan,nan
38,-131.9555789998165,334.28,15.125,44.375,40.5,-8.516410884542076,-23.264679956126894,-15.24175445281625,-8.689522710584528,-10.229602989433948,-21.076369442696073,-10.60581121319423,-30.058270196643388,262.24,252.55,255.05,258.02,260.52,246.71,253.77,248.11,nan,nan,nan
39,-94.58355894702551,340.08,14.875,43.875,41.25,-5.960258757470985,-19.323404062054642,-13.387942620627165,-13.128869140693377,-12.396406419952013,-23.934409427092742,-10.505135788491785,-29.554628127138177,265.18,258.99,256.63,256.26,258.68,246.14,253.49,245.91,nan,nan,nan
40,-79.65997553458764,343.58,14.625,43.25,42.125,-5.885117479683904,-15.094118753261332,-18.318783971170447,-14.379207939696693,-13.970871469353785,-19.175603821186037,-9.349326940378319,-32.95705753631071,261.71,263.21,251.42,256.4,256.99,249.77,255.9,245.16,nan,nan,nan
41,-85.34922870616637,344.97,14.75,43.5,41.75,-0.1728256286268609,-11.179050173117684,-18.387362863763432,-12.05270818605515,-16.51923718256357,-20.155799164548814,-12.630036168872673,-31.450025408810543,264.56,265.17,250.74,258.84,257.18,249.38,252.12,247.48,nan,nan,nan
42,-83.73288965356578,343.36,14.75,43.25,42.0,8.672306693854448,-10.656276595593202,-17.767300244422113,-18.903254536736583,-16.757379152953813,-19.103812156930754,-15.432427812706692,-27.16034924349905,268.47,264.04,251.1,251.64,258.6,251.16,251.72,249.95,nan,nan,nan
43,-87.17362435336513,339.24,15.0,41.0,44.0,6.5637812062358565,-6.4717397969195645,-17.039292942131866,-25.629868222891993,-11.719492743408331,-18.06315004681612,-13.541901928861199,-25.311850872233972,266.68,265.64,251.91,246.86,262.35,251.59,256.85,251.32,nan,nan,nan
44,-86.84238453255628,336.77,14.75,41.0,44.25,2.6463077801867003,-5.78594398056868,-17.103349827602003,-26.621654420031035,-7.14770699038259,-16.044949581088346,-11.955383301231816,-23.59602513915278,262.02,264.95,252.81,245.57,267.64,252.18,258.87,249.15,nan,nan,nan
45,-111.78497923482648,334.91,15.5,40.75,43.75,0.5738309253673702,-5.558173082904254,-12.121214588517995,-28.53625705404376,-9.34719318909062,-16.495257839195123,-11.560124525565909,-19.53789837990224,260.38,264.24,257.43,243.63,265.27,254.29,262.72,251.35,nan,nan,nan
46,-94.173968193289,337.07,16.25,40.75,43.0,1.8586334389669406,-5.882678347356538,-14.737690600431124,-30.323437068865747,-7.9357134885996174,-12.79325729634533,-9.755156871803901,-12.166464435864487,261.37,263.92,254.56,240.56,268.49,259.66,265.34,257.06,nan,nan,nan
47,-79.1138036526609,338.95,16.5,41.0,42.5,0.7467246801135533,-4.884071156250502,-9.866194095194368,-32.25998671899547,-7.719936022815225,-13.175527232886715,-10.949233796301177,-6.584048466345884,262.35,264.86,256.59,240.02,268.94,259.82,266.1,259.67,nan,nan,nan
48,-78.43066215821938,338.08,16.125,41.125,42.75,-4.06342537440504,1.5195070607162586,-8.133455674949309,-33.02401779456278,-12.519364157163334,-6.68346170620664,-12.565106530168316,-5.44259978593984,261.42,268.55,256.85,239.95,267.67,264.3,263.57,262.52,nan,nan,nan
49,-103.27273844218271,338.13,14.75,41.5,43.75,-6.645883564477879,-2.9954803739813762,-11.684596675358868,-31.53407370283591,-14.724857585022148,-4.935571284080509,-15.66222195490032,-6.9250316833692365,259.8,262.79,254.55,240.58,264.91,265.36,262.02,261.96,nan,nan,nan
